Iteration,fit_time,evaluate_time,hit_rate,ndcg
6,86.53180503845215,22.17553400993347,0.597682119205298,0.33017054277458496
